{"r2ntab": [0.8365655561080723, 0.8009282280788994, 0.8206530747555113, 0.8309298856290402, 0.8242996850654732, 0.7830266865572684, 0.8330847008121995, 0.8196585446709763, 0.8296038455163268, 0.8368970661362506, 0.6969407265774379, 0.7055449330783938, 0.7189292543021033, 0.7184512428298279, 0.6993307839388145, 0.7108030592734226, 0.7146271510516252, 0.6978967495219885, 0.7093690248565966, 0.7127151051625239, 0.8512179065174457, 0.8505595786701777, 0.8417818740399385, 0.8455123985077903, 0.8466096115865701, 0.8378319069563309, 0.8193987272328286, 0.8378319069563309, 0.8474873820495941, 0.8420013166556946, 0.8519978969505784, 0.8488433228180863, 0.8480546792849631, 0.8251840168243953, 0.8427970557308097, 0.85068349106204, 0.8530494216614091, 0.8512092534174553, 0.8477917981072555, 0.8496319663512093], "ripper": [0.8332504558262888, 0.8228078899386706, 0.824133930051384, 0.8320901707276646, 0.8266202552627216, 0.8294380905022377, 0.8251284601359191, 0.8272832753190784, 0.8279462953754351, 0.8314271506713078, 0.7122370936902486, 0.7031548757170172, 0.7093690248565966, 0.7036328871892925, 0.6955066921606119, 0.6959847036328872, 0.6912045889101338, 0.7088910133843213, 0.7122370936902486, 0.7031548757170172, 0.8518762343647136, 0.8345402677199912, 0.8163265306122449, 0.8132543339916611, 0.8163265306122449, 0.7750713188501207, 0.8338819398727233, 0.8485845951283739, 0.8281764318630678, 0.8448540706605223, 0.8427970557308097, 0.8367507886435331, 0.8322818086225027, 0.8420084121976866, 0.8378023133543638, 0.8412197686645636, 0.8372765509989485, 0.8438485804416404, 0.8485804416403786, 0.8356992639327024], "cart": [0.7863417868390519, 0.7878335819658545, 0.787336316923587, 0.7923089673462622, 0.7868390518813194, 0.7886623570363004, 0.787336316923587, 0.788330847008122, 0.7871705619094977, 0.7863417868390519, 0.6204588910133844, 0.621414913957935, 0.619980879541109, 0.6147227533460803, 0.6218929254302104, 0.6252390057361377, 0.6132887189292543, 0.624282982791587, 0.6295411089866156, 0.6238049713193117, 0.8270792187842879, 0.8268597761685319, 0.8253236778582401, 0.826640333552776, 0.8246653500109721, 0.8319069563309195, 0.8251042352424841, 0.8270792187842879, 0.826201448321264, 0.825762563089752, 0.8046792849631966, 0.8033648790746583, 0.8031019978969506, 0.8065194532071503, 0.7983701366982124, 0.8023133543638276, 0.8033648790746583, 0.8017875920084122, 0.8054679284963197, 0.8038906414300736], "c4.5": [0.7856787667826952, 0.783689706613625, 0.7850157467263384, 0.7841869716558926, 0.7843527266699818, 0.7853472567545168, 0.7853472567545168, 0.785513011768606, 0.7845184816840709, 0.7866732968672302, 0.637189292543021, 0.635755258126195, 0.6276290630975143, 0.6333652007648184, 0.628585086042065, 0.628585086042065, 0.6333652007648184, 0.637189292543021, 0.628585086042065, 0.6338432122370937, 0.826201448321264, 0.826201448321264, 0.8290542023260917, 0.8268597761685319, 0.8279569892473119, 0.8242264647794602, 0.825762563089752, 0.8270792187842879, 0.8283958744788238, 0.8314680710994075, 0.7931125131440588, 0.7960042060988434, 0.7941640378548895, 0.7994216614090431, 0.7970557308096741, 0.7933753943217665, 0.796267087276551, 0.8025762355415352, 0.7939011566771819, 0.7967928496319664]}