{"ripper": [0.7605342970939891, 0.7588000392098142, 0.7554787543409155, 0.7550075715463133, 0.774002929975284], "cart": [0.771249879887239, 0.7704862188431211, 0.7755945274459045, 0.7777363126887423, 0.7786434660690025], "c4.5": [0.771249879887239, 0.770596015853507, 0.7780198552475982, 0.7778609227040747, 0.7799182025950093], "classy": [0.6454768788738623, 0.7392900287335319, 0.7438411722981582, 0.7464490227124441, 0.7464490227124441], "r2ntab": [0.7790775898338014, 0.7824272655160096, 0.7742306091405669, 0.7659957664863072, 0.7754983329428772]}
