{"auc": [0.773781245347699, 0.752997676541366, 0.766561917325305, 0.7802643384537743, 0.7882232940682211], "runtime": [233.27130460739136, 243.2657265663147, 226.16167306900024, 233.03389692306519, 238.91357588768005], "rules": [2, 1, 2, 2, 2], "conditions": [6, 7, 5, 6, 6]}