{"auc": [0.9767803517803518, 0.9919354838709677, 0.9754676063973977, 0.9574098218166015, 0.9926121656600518], "runtime": [10.333854675292969, 11.25306487083435, 10.512701034545898, 9.886181592941284, 8.63322401046753], "rules": [4, 4, 3, 4, 4], "conditions": [8, 8, 6, 8, 9]}