{"auc": [0.9743589743589743, 0.8695907290597037, 0.9644179894179895, 0.9162878787878789, 0.9115424235820836], "runtime": [1.8831326961517334, 0.9613685607910156, 1.2556211948394775, 3.1115479469299316, 1.667353868484497], "rules": [3, 2, 2, 5, 3], "conditions": [11, 5, 5, 16, 8]}