{"auc": [0.6897025171624713, 0.7630992196209587, 0.6417797888386123, 0.7168067226890756, 0.7772311212814644], "runtime": [73.782634973526, 92.26685881614685, 65.9983582496643, 83.99773573875427, 92.47524547576904], "rules": [6, 7, 8, 8, 6], "conditions": [21, 28, 31, 27, 18]}