{"auc": [0.7225853822746795, 0.6306699750483629, 0.7019922344756425, 0.7027236716191434, 0.6875163964716204], "runtime": [190.36816000938416, 220.0789623260498, 227.20937991142273, 208.41251516342163, 272.84841752052307], "rules": [1, 2, 1, 1, 1], "conditions": [2, 3, 2, 4, 2]}