{"auc": [0.8123417224906716, 0.7990482124654608, 0.7986019205911062, 0.7925206623591129, 0.8035753746143368], "runtime": [575.7462575435638, 567.454836845398, 565.7634189128876, 595.3368680477142, 568.2351949214935], "rules": [2, 2, 2, 2, 2], "conditions": [4, 5, 5, 5, 5]}