{"auc": [0.8474471992653811, 0.8343338276762692, 0.8406422098228862, 0.8430894847180845, 0.8323291205644147], "runtime": [148.37685775756836, 140.20561289787292, 166.99666666984558, 150.1914520263672, 142.6223714351654], "rules": [4, 5, 5, 5, 6], "conditions": [10, 13, 13, 13, 15]}