{"drnet": [0.8006676859763978, 0.79008866330855, 0.7927441829996305, 0.7875695981455045, 0.7890333400850628], "r2ntab2": [0.78691257683033, 0.7850802421291148, 0.7979334838908214, 0.7872330464020545, 0.7956974857033579], "r2ntab4": [0.796120704530795, 0.7934770185491896, 0.8014678360557348, 0.7888955625433886, 0.7923546878519767], "r2ntab6": [0.7936000624931463, 0.7946418640038798, 0.7997653617487214, 0.7862670815685635, 0.7935237072662236]}