{"drnet": [0.9553510118799642, 0.9834758003294886, 0.9062397844827697, 0.9132775546369238, 0.8974274005271348], "r2ntab2": [0.8741674495159044, 0.893151901191642, 0.8923856074803563, 0.871944209067208, 0.8789115121314584], "r2ntab4": [0.9405750384966176, 0.9538556179530673, 0.9633806851262484, 0.9434529593477008, 0.9307870601539433], "r2ntab6": [0.9287743196446184, 0.9606402022796334, 0.9586627106993945, 0.9665422890677122, 0.9215049011097974]}