{"drnet": [18.93327326774597, 18.928385305404664, 19.013248634338378, 18.917064428329468, 18.99574933052063], "r2ntab2": [21.510044240951537, 21.55007619857788, 21.399518489837646, 21.44274682998657, 21.48978724479675], "r2ntab4": [21.540224456787108, 21.57236671447754, 21.60199317932129, 21.34493284225464, 21.26137399673462], "r2ntab6": [21.495612812042236, 21.591675186157225, 21.62234311103821, 21.353838157653808, 21.40338215827942]}