{"drnet": [155.96091232299804, 154.7526828765869, 155.8621891975403, 154.40844316482543, 154.91179904937744], "r2ntab2": [180.66584463119506, 179.33338217735292, 180.187926530838, 179.55518198013306, 180.2470654964447], "r2ntab4": [182.74416975975038, 182.16853923797606, 182.3975107192993, 181.39110245704651, 181.32898802757262], "r2ntab6": [182.48673486709595, 181.92621378898622, 182.5649044036865, 182.0895839691162, 182.21397466659545]}