{"drnet": [0.8176869913034885, 0.8797360118068115, 0.8657984674918804, 0.8376742150900339, 0.8511721872290596], "r2ntab2": [0.8084213762651947, 0.866003186958008, 0.8678168716794425, 0.8382975068661193, 0.8365022297916079], "r2ntab4": [0.8219205514134871, 0.8145488709821883, 0.8182998642903545, 0.8042481098783563, 0.8354167601352017], "r2ntab6": [0.8070789640761091, 0.8627687550415803, 0.8593643130615906, 0.8270001010145164, 0.8507142024279124]}