{"drnet": [0.8459516298633017, 0.8504206098843323, 0.8430599369085173, 0.8443743427970557, 0.8509463722397477, 0.8420084121976866, 0.8391167192429022, 0.8427970557308097, 0.8480546792849631, 0.841745531019979], "r2ntab2": [0.8280757097791798, 0.8393796004206099, 0.8388538380651945, 0.8370136698212408, 0.8525236593059937, 0.8435856992639327, 0.8264984227129337, 0.8278128286014721, 0.8378023133543638, 0.8391167192429022], "r2ntab4": [0.8477917981072555, 0.8375394321766562, 0.8485804416403786, 0.842534174553102, 0.8462145110410094, 0.844111461619348, 0.8383280757097792, 0.8462145110410094, 0.8443743427970557, 0.8396424815983176], "r2ntab6": [0.8470031545741324, 0.8462145110410094, 0.832018927444795, 0.8378023133543638, 0.8391167192429022, 0.8409568874868559, 0.8493690851735016, 0.8420084121976866, 0.8406940063091483, 0.8420084121976866]}