{"drnet": [30.118917894363403, 30.024697017669677, 30.101769399642944, 29.54152045249939, 30.028735828399657], "r2ntab2": [35.205691289901736, 35.07275996208191, 35.10960988998413, 34.74227509498596, 35.188090085983276], "r2ntab4": [35.081575298309325, 35.161324405670165, 35.07145519256592, 35.185810565948486, 34.783753871917725], "r2ntab6": [35.01393175125122, 34.84231810569763, 34.753065490722655, 34.7058620929718, 35.53869709968567]}