{"drnet": [0.7208413001912046, 0.7184512428298279, 0.7012428298279159, 0.7103250478011472, 0.7174952198852772, 0.7103250478011472, 0.7122370936902486, 0.7165391969407265, 0.7208413001912046, 0.6978967495219885], "r2ntab2": [0.7170172084130019, 0.7151051625239006, 0.7217973231357553, 0.7165391969407265, 0.7184512428298279, 0.7260994263862333, 0.7093690248565966, 0.7246653919694073, 0.7141491395793499, 0.7146271510516252], "r2ntab4": [0.6931166347992351, 0.7275334608030593, 0.7141491395793499, 0.7141491395793499, 0.7131931166347992, 0.7103250478011472, 0.7151051625239006, 0.7179732313575525, 0.7065009560229446, 0.7189292543021033], "r2ntab6": [0.7146271510516252, 0.7155831739961759, 0.7170172084130019, 0.7155831739961759, 0.7155831739961759, 0.722753346080306, 0.72131931166348, 0.7208413001912046, 0.7036328871892925, 0.7179732313575525]}