{"drnet": [73.56928696632386, 73.91280226707458, 68.8906527519226, 68.85626487731933, 68.3611783027649], "r2ntab2": [84.42422637939453, 86.90517802238465, 79.44631466865539, 79.81150612831115, 79.28502035140991], "r2ntab4": [84.75867252349853, 81.89950137138366, 79.06592531204224, 79.72308158874512, 79.15862021446227], "r2ntab6": [86.38730387687683, 81.06605520248414, 79.54933643341064, 79.94843373298644, 79.23389067649842]}