{"drnet": [0.9820597790599216, 0.9768643336017304, 0.9983739837398374, 0.9918500610692155, 0.9885586604210413], "r2ntab2": [0.9846129202708497, 0.975376704985913, 0.9983739837398374, 0.9918500610692155, 0.9885586604210413], "r2ntab4": [0.980456003101829, 0.969243068361779, 0.9967479674796748, 0.9918500610692155, 0.9878917946008536], "r2ntab6": [0.9796477230426797, 0.9700241627710107, 0.9967479674796748, 0.9918500610692155, 0.9885586604210413]}