{"drnet": [210.70454454421997, 211.05099291801451, 209.021471452713, 208.916938829422, 209.27238116264343], "r2ntab2": [241.65694708824157, 241.98856320381165, 240.33293538093568, 239.72546062469482, 239.68240256309508], "r2ntab4": [241.30003633499146, 241.7768084526062, 241.9711745262146, 240.21928796768188, 240.08667216300964], "r2ntab6": [241.7335253715515, 241.65512037277222, 239.8920958995819, 240.17009716033937, 240.14910559654237]}