{"drnet": [0.6656532025551407, 0.7443402500779142, 0.781876785982563, 0.7306228961995429, 0.7072648060729546], "r2ntab2": [0.6838458166550634, 0.731739830483872, 0.7756588675638106, 0.761428879716931, 0.7085228552348595], "r2ntab4": [0.6790305770561901, 0.7402391423311594, 0.7906165825985851, 0.7362159384221345, 0.712016144018583], "r2ntab6": [0.6616940559162657, 0.7294986451683695, 0.823867644910335, 0.7524886498317411, 0.6973966255039966]}