{"drnet": [0.8350737609812697, 0.831592905685397, 0.8368970661362506, 0.8294380905022377, 0.8340792308967346, 0.8301011105585944, 0.8307641306149511, 0.8284435604177026, 0.836399801093983, 0.8271175203049892], "r2ntab2": [0.8042433283606829, 0.8223106248964032, 0.8083872037129123, 0.7986076578816509, 0.8125310790651418, 0.8299353555445053, 0.8057351234874855, 0.8284435604177026, 0.7941322725012432, 0.8213160948118681], "r2ntab4": [0.8312613956572187, 0.8170064644455495, 0.8234709099950274, 0.811868059008785, 0.8322559257417537, 0.8330847008121995, 0.8247969501077408, 0.8355710260235372, 0.8239681750372949, 0.8329189457981104], "r2ntab6": [0.8301011105585944, 0.8307641306149511, 0.8233051549809381, 0.8170064644455495, 0.8390518813194099, 0.8233051549809381, 0.8266202552627216, 0.8170064644455495, 0.8312613956572187, 0.820321564727333]}