{"drnet": [0.7259067189581024, 0.7072599824631195, 0.7030531421603662, 0.7198616320678759, 0.7102195709667096], "r2ntab2": [0.7166771184804317, 0.6992325823586387, 0.7110844475618594, 0.7111034173281421, 0.7116247929398412], "r2ntab4": [0.7197797478673866, 0.7065856007079698, 0.706574868265964, 0.7106556032647173, 0.7145558479385729], "r2ntab6": [0.7207073753360659, 0.7012296616065451, 0.7094615326125318, 0.7143129133836137, 0.7100000702273673]}