{"drnet": [0.8509880246706674, 0.8425682514490956, 0.8551467206172451, 0.8452948442597515, 0.8519448833466534], "r2ntab2": [0.8560002558426716, 0.8336296066453908, 0.8486382253083802, 0.8387360377656135, 0.8367727228624992], "r2ntab4": [0.852896525374009, 0.8329486878466893, 0.8522951491592444, 0.8373308353875354, 0.826551199484747], "r2ntab6": [0.8475165063848753, 0.8359026740896978, 0.8469398235734156, 0.8448065651220539, 0.8420692415285373]}