{"drnet": [68.96302361488343, 69.6497013092041, 69.2800805568695, 69.42260036468505, 69.66289992332459], "r2ntab2": [80.52064476013183, 81.05491018295288, 80.70194582939148, 79.83272399902344, 83.40299315452576], "r2ntab4": [80.70717368125915, 80.91298947334289, 81.0424886226654, 80.70889773368836, 82.83753652572632], "r2ntab6": [81.30183372497558, 80.96223740577697, 80.4255735874176, 81.50091819763183, 81.87554044723511]}