{"drnet": [125.81408710479737, 125.68016510009765, 125.84160370826721, 126.0365345954895, 125.39320368766785], "r2ntab2": [143.48240728378295, 143.07654027938844, 142.77384843826295, 144.34177145957946, 143.2823486328125], "r2ntab4": [142.316246509552, 142.36089272499083, 141.7498540878296, 141.82239656448365, 142.0899118900299], "r2ntab6": [142.05508399009705, 141.95618410110472, 142.59407105445862, 142.49630789756776, 144.12499856948853]}