{"drnet": [0.8383631807086399, 0.8363627464697505, 0.8393485613094789, 0.8344185965772473, 0.8228302889376039], "r2ntab2": [0.8153436485661547, 0.8198041466130508, 0.8186423024078628, 0.8134189819192208, 0.8033511598585935], "r2ntab4": [0.8155895007496416, 0.823092448237307, 0.8254655436706034, 0.8275845026792112, 0.8067416265440217], "r2ntab6": [0.8225994329443888, 0.8294640285664338, 0.8271228262402583, 0.8188988993423557, 0.811737729045403]}