{"drnet": [21.510410213470458, 22.670929861068725, 22.1952974319458, 22.190575551986694, 22.07140645980835], "r2ntab2": [25.219945096969603, 26.308479642868043, 25.223745775222778, 25.2375958442688, 25.37424592971802], "r2ntab4": [26.108374881744385, 25.742096996307374, 25.174232721328735, 25.663322925567627, 25.147075605392455], "r2ntab6": [25.93508176803589, 25.556996536254882, 25.546442794799805, 25.096200513839722, 25.627824831008912]}