{"drnet": [0.858020627605881, 0.8595567259161729, 0.8657011191573404, 0.8661400043888523, 0.8610928242264648, 0.8582400702216371, 0.859776168531929, 0.8628483651525126, 0.8545095457537853, 0.8652622339258284], "r2ntab2": [0.8200570550800965, 0.8215931533903884, 0.8382707921878428, 0.8376124643405749, 0.8204959403116086, 0.8463901689708141, 0.8305903006363836, 0.8499012508229098, 0.8389291200351108, 0.7693658108404652], "r2ntab4": [0.8395874478823787, 0.8529734474434936, 0.8545095457537853, 0.8527540048277376, 0.8316875137151635, 0.8104015799868335, 0.8435374149659864, 0.8567039719113452, 0.8391485626508668, 0.8441957428132544], "r2ntab6": [0.836954136493307, 0.8602150537634409, 0.8444151854290103, 0.8529734474434936, 0.8549484309852974, 0.8435374149659864, 0.8441957428132544, 0.8444151854290103, 0.8437568575817423, 0.848145709896862]}