{"r2ntab": [50.9162793636322, 54.73020834922791, 54.56955418586731, 51.71048250198364, 52.150852060317995], "gb": [3.506502389907837, 3.3407927989959716, 3.413727617263794, 3.2815980434417726, 3.304167079925537], "pca": [2.1702835083007814, 2.113040590286255, 2.1523389339447023, 2.0855244636535644, 2.0877888202667236], "regression": [1.4954097747802735, 1.8878028869628907, 1.5509530067443849, 1.5006649494171143, 1.5577520847320556]}