{"r2ntab": [0.7181328297031065, 0.7050485964971626, 0.700014401455531, 0.7151845931180651, 0.700186115955868], "gb": [0.7256116494996201, 0.7088284486460414, 0.711937296268242, 0.7214655856536561, 0.7119151164818422], "pca": [0.7127037901503719, 0.6974441492431708, 0.706203597037572, 0.7142455441838476, 0.6974639072964641], "regression": [0.7050145796233684, 0.7046174265094408, 0.7040596809438455, 0.7081008247037224, 0.7007941786453362]}