{"r2ntab": [0.4722222222222222, 0.4444444444444445, 0.45555555555555555, 0.45555555555555555, 0.45555555555555555], "gb": [0.19444444444444445, 0.1388888888888889, 0.1388888888888889, 0.11111111111111112, 0.1388888888888889], "pca": [0.5555555555555556, 0.5333333333333333, 0.5555555555555556, 0.5888888888888889, 0.5277777777777778], "regression": [0.1388888888888889, 0.1388888888888889, 0.19444444444444445, 0.1388888888888889, 0.19444444444444445]}