{"r2ntab": [0.9852673309761064, 0.9919482821924994, 0.9959870967741935, 0.9918500610692155, 0.9885586604210413], "gb": [0.9919817848107495, 0.9879999999999999, 1.0, 0.9973856209150327, 0.997560975609756], "pca": [0.8958011560110796, 0.935066740613032, 0.9283833245886628, 0.8913148652350154, 0.9221719700640716], "regression": [0.9893742621015347, 0.993535274062418, 1.0, 0.9967320261437909, 0.9951350642538683]}