{"r2ntab": [80.21445746421814, 84.78547081947326, 81.64762134552002, 91.43175644874573, 76.78548340797424], "gb": [3.350374221801758, 3.353867530822754, 3.388316011428833, 3.3704256057739257, 3.3454591751098635], "pca": [1.602811908721924, 1.595567560195923, 1.593317461013794, 1.5869049549102783, 1.6018768787384032], "regression": [1.3638471126556397, 1.3768499374389649, 1.4098971843719483, 1.3883423805236816, 1.3821341514587402]}