{"gb": [0.85068349106204, 0.8443743427970557, 0.844111461619348, 0.85068349106204, 0.8430599369085173, 0.8483175604626709, 0.849106203995794, 0.8477917981072555, 0.843322818086225, 0.8464773922187171], "pca": [0.7631440588853838, 0.7794426919032598, 0.7649842271293376, 0.7597266035751841, 0.7657728706624606, 0.7791798107255521, 0.7599894847528917, 0.767875920084122, 0.7652471083070452, 0.7613038906414301]}