{"r2ntab": [0.83215254722965, 0.8200496884128194, 0.8276874811877318, 0.8235156600317664, 0.8248545323466472], "gb": [0.8563512737795096, 0.8427199853012268, 0.8617146063508262, 0.8517224483850587, 0.8561071739162962], "pca": [0.7340713534892798, 0.7556772060607184, 0.7835082091421957, 0.7425176026610053, 0.7407856462066705], "regression": [0.691252016296748, 0.6962105093538764, 0.7003872238262636, 0.7028698710586733, 0.6919538408662453]}