{"r2ntab": [0.5894736842105264, 0.5368421052631579, 0.5105263157894736, 0.6263157894736844, 0.5789473684210527], "gb": [0.3157894736842105, 0.34210526315789475, 0.21052631578947367, 0.3684210526315789, 0.21052631578947367], "pca": [0.3684210526315789, 0.2631578947368421, 0.34210526315789475, 0.2631578947368421, 0.2894736842105263], "regression": [0.6052631578947368, 0.5789473684210527, 0.6578947368421053, 0.5, 0.5263157894736842]}