{"r2ntab": [0.7622222222222222, 0.6955555555555555, 0.691111111111111, 0.6933333333333334, 0.6711111111111111], "gb": [0.25555555555555554, 0.3888888888888889, 0.3, 0.32222222222222224, 0.32222222222222224], "pca": [0.5955555555555556, 0.5555555555555556, 0.571111111111111, 0.54, 0.5422222222222223], "regression": [0.6, 0.6222222222222222, 0.6333333333333333, 0.6444444444444445, 0.6111111111111112]}