{"r2ntab": [0.9357616515542084, 0.9307188897629534, 0.966329680302653, 0.958700248377518, 0.9341698071587231], "gb": [0.9841855935949468, 0.9941488779951948, 0.9879076802386544, 0.9846473559062234, 0.9735660158296913], "pca": [0.8513371998367927, 0.9658499538443553, 0.9699643246395349, 0.9556039491547249, 0.9476912577864649], "regression": [0.7520068917837535, 0.6979134680794562, 0.7507686117200262, 0.7740610275067399, 0.7579446139692023]}