{"r2ntab": [0.9667057694875115, 0.986045389158086, 0.9707736238662094, 0.9756865941076468, 0.983068288972099], "gb": [0.9727239796802202, 0.9867788461538461, 0.976050587320864, 0.9867671996124031, 0.9785422010183688], "pca": [0.7744162447407262, 0.769845768841897, 0.6594432909564416, 0.8434111436995462, 0.8073934732070693], "regression": [0.6132335170849103, 0.8243071382877432, 0.6664390824462156, 0.7241721854304636, 0.5216045548654245]}