{"gb": [0.8582400702216371, 0.8534123326750055, 0.8646039060785604, 0.8604344963791969, 0.8556067588325653, 0.859117840684661, 0.8558262014483212, 0.8606539389949528, 0.8604344963791969, 0.8635066929997806], "pca": [0.8193987272328286, 0.826201448321264, 0.8323458415624314, 0.8213737107746324, 0.8163265306122449, 0.8275181040157998, 0.825543120473996, 0.8323458415624314, 0.8237875795479482, 0.8222514812376563]}