{"r2ntab": [0.32727272727272727, 0.3560606060606061, 0.33939393939393936, 0.353030303030303, 0.3227272727272727], "gb": [0.4242424242424242, 0.4318181818181818, 0.38636363636363635, 0.4015151515151515, 0.4015151515151515], "pca": [0.4666666666666666, 0.41818181818181815, 0.4893939393939394, 0.4075757575757576, 0.5151515151515151], "regression": [0.5303030303030303, 0.5378787878787878, 0.4924242424242424, 0.5378787878787878, 0.5378787878787878]}