{"r2ntab": [0.40649350649350646, 0.41428571428571426, 0.4103896103896104, 0.40779220779220776, 0.41948051948051945], "gb": [0.40909090909090906, 0.4155844155844156, 0.38961038961038963, 0.4155844155844156, 0.4220779220779221], "pca": [0.3909090909090909, 0.5038961038961038, 0.43636363636363634, 0.3974025974025974, 0.4233766233766234], "regression": [0.5454545454545454, 0.5064935064935064, 0.577922077922078, 0.5194805194805194, 0.5324675324675324]}