{"r2ntab": [35.17099347114563, 33.479919290542604, 33.86955814361572, 34.89605393409729, 34.42443699836731], "gb": [0.14467830657958985, 0.14382352828979492, 0.14290337562561034, 0.1449228286743164, 0.14358434677124024], "pca": [0.19851036071777345, 0.18770923614501953, 0.18565959930419923, 0.20473790168762207, 0.20372190475463867], "regression": [0.11219577789306641, 0.11929187774658204, 0.12054672241210937, 0.10051536560058594, 0.10281777381896973]}