{"r2ntab": [0.2074074074074074, 0.14074074074074075, 0.16296296296296295, 0.2074074074074074, 0.23703703703703702], "gb": [0.11111111111111112, 0.14814814814814814, 0.11111111111111112, 0.22222222222222224, 0.18518518518518517], "pca": [0.4814814814814815, 0.47407407407407404, 0.5555555555555556, 0.4962962962962963, 0.5555555555555556], "regression": [0.5555555555555556, 0.3333333333333333, 0.3333333333333333, 0.6666666666666666, 0.6666666666666666]}