{"r2ntab": [0.2656716417910448, 0.16716417910447762, 0.2388059701492537, 0.1582089552238806, 0.29850746268656714], "gb": [0.1044776119402985, 0.1044776119402985, 0.11940298507462685, 0.13432835820895522, 0.13432835820895522], "pca": [0.4388059701492537, 0.44477611940298506, 0.5014925373134329, 0.5611940298507462, 0.6059701492537314], "regression": [0.5373134328358209, 0.5671641791044776, 0.6119402985074627, 0.5223880597014925, 0.5671641791044776]}