{"r2ntab": [23.051285076141358, 21.22433009147644, 18.553357458114625, 21.662951040267945, 21.227325677871704], "gb": [0.13653759956359862, 0.13704147338867187, 0.13539137840270996, 0.13860020637512208, 0.13763012886047363], "pca": [0.1540247917175293, 0.23400983810424805, 0.1582576274871826, 0.2389812469482422, 0.3271792411804199], "regression": [0.10554442405700684, 0.10756211280822754, 0.1100919246673584, 0.1045422077178955, 0.10979018211364747]}