{"r2ntab": [41.00071015357971, 39.496068716049194, 38.559933233261106, 53.12512493133545, 45.111585521698], "gb": [0.2336179256439209, 0.2333209991455078, 0.23513364791870117, 0.2295529365539551, 0.2316427707672119], "pca": [0.280033016204834, 0.1981717586517334, 0.2822427749633789, 0.28589563369750975, 0.23776068687438964], "regression": [0.17156634330749512, 0.19837255477905275, 0.18908839225769042, 0.18448905944824218, 0.19546213150024414]}