{"gb": [0.6959847036328872, 0.7141491395793499, 0.7146271510516252, 0.6959847036328872, 0.7136711281070746, 0.7045889101338432, 0.7170172084130019, 0.7160611854684512, 0.7079349904397706, 0.7045889101338432], "pca": [0.6974187380497132, 0.7108030592734226, 0.6931166347992351, 0.7055449330783938, 0.7002868068833652, 0.7117590822179732, 0.7189292543021033, 0.7041108986615678, 0.6902485659655831, 0.7136711281070746]}