{"gb": [0.8204873197414222, 0.8216476048400464, 0.8354052710094481, 0.8322559257417537, 0.8337477208685563, 0.8302668655726836, 0.8317586606994861, 0.8291065804740594, 0.8201558097132439, 0.8324216807558429], "pca": [0.8126968340792309, 0.8088844687551798, 0.8170064644455495, 0.7992706779380077, 0.8095474888115366, 0.8110392839383391, 0.8085529587270015, 0.797778882811205, 0.8107077739101608, 0.8181667495441737]}