{"r2ntab": [36.739471435546875, 42.94510111808777, 39.87345099449158, 36.553083992004396, 37.93541331291199], "gb": [1.839589786529541, 1.833310317993164, 1.8336756706237793, 1.8435377120971679, 1.8454449653625489], "pca": [0.9908961296081543, 0.9916038036346435, 0.969931173324585, 0.9730930805206299, 0.9817927837371826], "regression": [0.8611887931823731, 0.8616631031036377, 0.8784356594085694, 0.8627564430236816, 0.8695133209228516]}