{"r2ntab": [54.220021629333495, 51.34574432373047, 52.171394157409665, 50.335409116745, 53.28489565849304], "gb": [2.069905948638916, 2.0494778633117674, 2.0351726531982424, 2.0351017475128175, 2.030537509918213], "pca": [1.0869264125823974, 1.0853240489959717, 1.0437584400177002, 1.1079421043395996, 1.0731069564819335], "regression": [1.007066822052002, 0.9355921268463134, 0.9100888252258301, 0.9173262119293213, 0.9506444454193115]}