{"r2ntab": [13.186381340026855, 10.848976230621338, 13.24095778465271, 12.208321571350098, 13.392299461364747], "gb": [0.16038827896118163, 0.16012296676635743, 0.1717081069946289, 0.16123194694519044, 0.16143155097961426], "pca": [0.2713494777679443, 0.18482236862182616, 0.19640564918518066, 0.22613062858581542, 0.22434568405151367], "regression": [0.15696773529052735, 0.15597329139709473, 0.16061019897460938, 0.15646653175354003, 0.15662426948547364]}