{"r2ntab": [0.7765625, 0.759375, 0.759375, 0.8109375, 0.8015625], "gb": [0.5546875, 0.5625, 0.5546875, 0.5703125, 0.5625], "pca": [0.5265625, 0.51875, 0.5125, 0.5390625, 0.4421875], "regression": [0.71875, 0.3203125, 0.4609375, 0.6484375, 0.625]}