{"r2ntab": [0.7703184691794271, 0.7580394977933806, 0.7768329591697176, 0.761534232634092, 0.7675251653383174], "gb": [0.767241049443234, 0.7623878112491748, 0.7738082578207404, 0.7656871851141718, 0.7694547328405342], "pca": [0.7283720937389152, 0.7118697124904154, 0.7483039434280381, 0.7274624575741389, 0.7569599281481978], "regression": [0.7094429375679125, 0.7392834304226535, 0.7692077645502164, 0.7489122061819085, 0.7465119420373529]}