{"r2ntab": [0.8529184336978926, 0.8485596231684058, 0.8599746427031857, 0.847509842499283, 0.8517551596586797], "gb": [0.8658236517969546, 0.8715647845422605, 0.8692817695640269, 0.867146878189757, 0.8656992272102935], "pca": [0.8349943029755471, 0.843851401593926, 0.8424353573251006, 0.8422646533070338, 0.8269748221122031], "regression": [0.8374491727891202, 0.8361527894556445, 0.8441415865862169, 0.8368315903400398, 0.8233474853142502]}