{"r2ntab": [0.7308653775377508, 0.7424267704752388, 0.7983626049629089, 0.6822775085961765, 0.6908481288788251], "gb": [0.7330829189214547, 0.7476199090747127, 0.8211126059007416, 0.6908504802079233, 0.6771385588035528], "pca": [0.6842312837155564, 0.633283988963335, 0.6680931800632642, 0.6491341094892258, 0.6697417932279701], "regression": [0.6495920334316744, 0.6850315600614941, 0.7106731962921289, 0.6843774376951158, 0.6837544376055705]}