{"ripper": 65.7919587135315, "cart": 0.20169754028320314, "c4.5": 0.19990172386169433, "classy": 384.99670028686523, "r2ntab": 1203.189466905594}