{"r2ntab": 70.11711993217469, "ripper": 62.480322408676145, "cart": 0.20130472183227538, "c4.5": 0.19991154670715333, "classy": 379.76675786972044}