{"ripper": 1.0226285934448243, "cart": 0.016503429412841795, "c4.5": 0.015729331970214845, "classy": 8.777991819381715, "r2ntab": 724.7541279792786}