{"r2ntab": [0.7784263379421119, 0.7828732141145489, 0.7934483998885014, 0.7878967524048488, 0.806725265155982], "ripper": [0.8240846123258908, 0.8310063324512619, 0.8462888862051499, 0.8474281536493121, 0.8603742602543031], "cart": [0.8133148285939151, 0.7855474495310248, 0.8335476631994503, 0.8398453004341668, 0.8411758826191056], "c4.5": [0.8110495153439498, 0.7910163773863002, 0.827189300511767, 0.8460299004860106, 0.8421279835969193], "classy": [0.7278481542927155, 0.811402989795307, 0.8204195604639584, 0.8197319539361191, 0.8197319539361191]}