{"r2ntab": 209.4609410762787, "ripper": 116.14901938438416, "cart": 0.36219043731689454, "c4.5": 0.36117377281188967, "classy": 764.6485956192016}