{"ripper": [0.9918874840195333, 0.9897396511257129, 0.989412678777005, 0.9934980818973275, 0.9902538475239095], "cart": [0.8932878344054199, 0.9310170827407248, 0.980526047877383, 0.9887203069058446, 0.9879713069566576], "c4.5": [0.8920363004726981, 0.930636404389079, 0.9801365849188564, 0.989717315000996, 0.9898829095213386], "classy": [0.8767298550136189, 0.9646764170148934, 0.9776703491290103, 0.9776703491290103, 0.9776703491290103], "r2ntab": [0.19771608900299534, 0.1962451861360719, 0.19535607035607036, 0.19459531844233757, 0.19459531844233757, 0.2, 0.2, 0.19870129870129868, 0.19870129870129868, 0.19771173208420825, 0.19771173208420825]}