{"ripper": 2.2367074966430662, "cart": 0.020699739456176758, "c4.5": 0.019453716278076173, "classy": 12.26965298652649, "r2ntab": 1703.7575116157532}