{"ripper": [0.985959151383312, 0.988787056773147, 0.9853848664898617, 0.9894864577648219, 0.9886336737892529], "cart": [0.8293262200605185, 0.9136071870805438, 0.9431727980288859, 0.9604415395575379, 0.9819930097400509], "c4.5": [0.8402425737412915, 0.9136071870805438, 0.9419207053891819, 0.9661142686397316, 0.986327596009211], "classy": [0.893923471222393, 0.932365690227267, 0.9598648356461948, 0.9598648356461948, 0.9598648356461948], "r2ntab": [0.9318094933417441, 0.9595421318021945]}