{"ripper": 1.6742334365844727, "cart": 0.022491645812988282, "c4.5": 0.02141890525817871, "classy": 17.17779884338379, "r2ntab": 448.6073692798615}