{"r2ntab": [0.7012952259741597, 0.6998172590444229, 0.6846661026187699, 0.6849059950309403, 0.6934991220695446], "ripper": [0.7069355623687126, 0.7083807637998525, 0.7076752142034743, 0.7142866940910111, 0.7096002963433161], "cart": [0.7050339984082875, 0.6992348010267537, 0.7043724073071818, 0.6992516061926716, 0.6897372861186755], "c4.5": [0.7050339984082875, 0.6992348010267537, 0.7023236647691875, 0.6941162200027755, 0.6935260487773709], "classy": [0.7032972240408537, 0.6997681943171402, 0.6969670799716629, 0.6963276649107081, 0.695840195002065]}