{"ripper": 133.61292252540588, "cart": 0.31600050926208495, "c4.5": 0.3120835304260254, "classy": 163.2094974040985, "r2ntab": 1725.3782814979554}