{"r2ntab": [0.8044090833747721, 0.8173379744737278, 0.8314271506713078, 0.8322559257417537, 0.8196585446709763, 0.8191612796287088, 0.8208188297696005, 0.831592905685397, 0.8140228741919443, 0.8352395159953588, 0.7174952198852772, 0.6964627151051626, 0.6945506692160612, 0.7146271510516252, 0.6902485659655831, 0.7122370936902486, 0.6998087954110899, 0.6988527724665392, 0.7179732313575525, 0.7050669216061185, 0.8433179723502304, 0.826201448321264, 0.8246653500109721, 0.8389291200351108, 0.836515251261795, 0.8389291200351108, 0.8283958744788238, 0.8347597103357473, 0.8305903006363836, 0.8235681369321922, 0.8228180862250263, 0.8454258675078864, 0.8309674027339643, 0.833596214511041, 0.823080967402734, 0.8338590956887487, 0.8286014721345951, 0.8046792849631966, 0.8251840168243953, 0.8299158780231335], "ripper": [0.827780540361346, 0.8310956406431295, 0.8286093154317918, 0.8264545002486325, 0.8307641306149511, 0.8276147853472567, 0.8267860102768109, 0.8267860102768109, 0.8302668655726836, 0.8272832753190784, 0.6869024856596558, 0.6926386233269598, 0.7026768642447419, 0.7074569789674953, 0.6969407265774379, 0.6978967495219885, 0.7084130019120459, 0.7108030592734226, 0.6950286806883366, 0.6811663479923518, 0.8571428571428571, 0.7908711871845513, 0.8319069563309195, 0.8384902348035989, 0.7886767610269915, 0.7983322361202545, 0.8485845951283739, 0.8114987930656133, 0.7439104674127716, 0.8518762343647136, 0.8401682439537329, 0.8427970557308097, 0.8301787592008412, 0.8309674027339643, 0.8414826498422713, 0.8341219768664564, 0.8330704521556257, 0.8249211356466877, 0.8388538380651945, 0.844111461619348], "cart": [0.7884966020222112, 0.7891596220785678, 0.785513011768606, 0.7848499917122493, 0.7845184816840709, 0.7856787667826952, 0.7843527266699818, 0.7903199071771921, 0.7866732968672302, 0.7835239515995359, 0.6266730401529637, 0.619980879541109, 0.6223709369024857, 0.6276290630975143, 0.6195028680688337, 0.6137667304015296, 0.6247609942638623, 0.6195028680688337, 0.6185468451242829, 0.619980879541109, 0.8270792187842879, 0.825543120473996, 0.8200570550800965, 0.82642089093702, 0.8259820057055081, 0.8277375466315559, 0.8224709238534124, 0.826201448321264, 0.8246653500109721, 0.82642089093702, 0.8033648790746583, 0.8020504731861199, 0.8025762355415352, 0.8028391167192429, 0.8078338590956887, 0.8036277602523659, 0.8070452155625657, 0.8031019978969506, 0.8049421661409043, 0.8025762355415352], "c4.5": [0.7875020719376761, 0.7856787667826952, 0.7846842366981601, 0.7841869716558926, 0.788330847008122, 0.78269517652909, 0.785513011768606, 0.7861760318249627, 0.7863417868390519, 0.7828609315431792, 0.6328871892925431, 0.6376673040152964, 0.6419694072657743, 0.6324091778202677, 0.6376673040152964, 0.640057361376673, 0.640057361376673, 0.635755258126195, 0.6266730401529637, 0.6333652007648184, 0.8233486943164362, 0.8259820057055081, 0.8310291858678955, 0.8316875137151635, 0.8251042352424841, 0.8308097432521395, 0.8292736449418477, 0.8321263989466754, 0.8270792187842879, 0.8283958744788238, 0.7949526813880127, 0.7973186119873817, 0.795478443743428, 0.7965299684542587, 0.7920609884332281, 0.7941640378548895, 0.7981072555205048, 0.7994216614090431, 0.7939011566771819, 0.7991587802313355]}