{"ripper": [0.991344441319835, 0.9984126984126984, 0.9968378952630921, 0.9953119232188999, 0.9976315460567429], "cart": [0.6192993184472848, 0.7242225945263043, 0.8741638428143288, 0.9151477109129175, 0.9038989386075533], "c4.5": [0.6192993184472848, 0.7242225945263043, 0.8708260084780424, 0.9006568506659771, 0.9152012012566285], "classy": [0.692567526006332, 0.768631026684758, 0.9397613749434643, 0.9397613749434643, 0.9397613749434643], "r2ntab": [0.6696576544509755, 0.9100268446029043]}