{"r2ntab": [0.7445108485064151, 0.7971540120260892, 0.7321835555603452, 0.7746518787128153, 0.808112968553151], "ripper": [0.7283437835599409, 0.7115607480302497, 0.7304875210750813, 0.7656334445319816, 0.8017171634693039], "cart": [0.7684044002383322, 0.7859314983361126, 0.8266747704704086, 0.8324290921511203, 0.8316948466369729], "c4.5": [0.7565609532477808, 0.761788629240662, 0.8123352169554398, 0.8299430474278715, 0.8284068319242881], "classy": [0.7468820029041939, 0.8120644178883497, 0.8275880688917656, 0.8257067469537119, 0.8274494432010198]}