{"ripper": 0.9219389915466308, "cart": 0.016744279861450197, "c4.5": 0.01642122268676758, "classy": 16.837888097763063, "r2ntab": 503.59217700958254}