{"ripper": [0.7069332444069223, 0.70864066527232, 0.7059660245316531, 0.7096687609151837, 0.7109517706287753], "cart": [0.7050339984082875, 0.6992348010267537, 0.7044601453898994, 0.7001567721614979, 0.6896680073753103], "c4.5": [0.7050339984082875, 0.6992348010267537, 0.7024975106013052, 0.6942677819543335, 0.6936746062016921], "classy": [0.7032972240408537, 0.6997681943171402, 0.6969670799716629, 0.6963276649107081, 0.695840195002065], "r2ntab": [0.6938552002107675, 0.7022975028220592, 0.7028246085829132, 0.6920315535615985, 0.6960642163174047]}