{"ripper": 109.32215495109558, "cart": 0.3785123825073242, "c4.5": 0.37966361045837405, "classy": 781.5947022914886, "r2ntab": 1384.917720270157}