{"ripper": [0.7408969230708038, 0.7084801790971009, 0.7141355697146687, 0.7381791907464578, 0.7378713204363256], "cart": [0.7212717056799494, 0.7292642413080526, 0.706590522640183, 0.7069442286735128, 0.688756809532791], "c4.5": [0.7104264838702954, 0.7154655841011808, 0.71365907054713, 0.7020026833189467, 0.7084746354862428], "classy": [0.6588791055206149, 0.6732487770789658, 0.6593955276030747, 0.6593955276030747, 0.6593955276030747], "r2ntab": [0.13636363636363638, 0.14055316091954023, 0.13238095238095238, 0.1362452523060228, 0.13966155473294553, 0.15732456140350876, 0.15448717948717952, 0.15525577379667604, 0.1303921568627451, 0.13492003046458492, 0.13959183673469389, 0.1398574561403509, 0.14509803921568626, 0.14377104377104377]}