{"r2ntab": 207.43543214797972, "ripper": 45.63929762840271, "cart": 0.19612407684326172, "c4.5": 0.19713935852050782, "classy": 166.20139904022216}