{"r2ntab": 199.3879430770874, "ripper": 131.26143717765808, "cart": 0.3073273658752441, "c4.5": 0.30330824851989746, "classy": 160.6009165287018}