{"ripper": 45.887809896469115, "cart": 0.20431070327758788, "c4.5": 0.20587821006774903, "classy": 168.38895120620728, "r2ntab": 737.8505031585694}