{"r2ntab": [0.7391141510092644, 0.7512776839805073, 0.7476706779232415, 0.7751594191618688, 0.7713426816963733], "ripper": [0.7593056962839826, 0.7613719100102518, 0.7524180381110612, 0.753181517371952, 0.775977856361995], "cart": [0.771249879887239, 0.7704862188431211, 0.7756399536143941, 0.7782160820985182, 0.7784439271238248], "c4.5": [0.771249879887239, 0.770596015853507, 0.7780198552475982, 0.7779579305243969, 0.779749350432426], "classy": [0.6454768788738623, 0.7392900287335319, 0.7438411722981582, 0.7464490227124441, 0.7464490227124441]}