{"r2ntab": [0.8305983756008619, 0.828775070445881, 0.8244654400795625, 0.8309298856290402, 0.8310956406431295, 0.7729156306978286, 0.8039118183325046, 0.8307641306149511, 0.8170064644455495, 0.828775070445881, 0.6993307839388145, 0.6993307839388145, 0.7074569789674953, 0.7151051625239006, 0.6692160611854685, 0.7112810707456979, 0.6840344168260039, 0.6725621414913958, 0.7136711281070746, 0.6792543021032504, 0.7726574500768049, 0.8378319069563309, 0.8090849242922976, 0.8380513495720869, 0.8422207592714506, 0.8468290542023261, 0.8439763001974984, 0.8283958744788238, 0.8435374149659864, 0.7845073513276278, 0.825446898002103, 0.842534174553102, 0.844111461619348, 0.8364879074658255, 0.8412197686645636, 0.8485804416403786, 0.8372765509989485, 0.8325446898002103, 0.8483175604626709, 0.8249211356466877], "classy": [0.8350737609812697, 0.8350737609812697, 0.8350737609812697, 0.8350737609812697, 0.8350737609812697, 0.8350737609812697, 0.8350737609812697, 0.8350737609812697, 0.8350737609812697, 0.8350737609812697, 0.7098470363288719, 0.7098470363288719, 0.7098470363288719, 0.7098470363288719, 0.7098470363288719, 0.7098470363288719, 0.7098470363288719, 0.7098470363288719, 0.7098470363288719, 0.7098470363288719, 0.859117840684661, 0.859117840684661, 0.859117840684661, 0.859117840684661, 0.859117840684661, 0.859117840684661, 0.859117840684661, 0.859117840684661, 0.859117840684661, 0.859117840684661, 0.8593585699263933, 0.8593585699263933, 0.8593585699263933, 0.8593585699263933, 0.8593585699263933, 0.8593585699263933, 0.8593585699263933, 0.8593585699263933, 0.8593585699263933, 0.8593585699263933]}