{"ripper": [0.8283819602117377, 0.8321651404848891, 0.8449845054363914, 0.8530221432224758, 0.8560292876678173], "cart": [0.8133148285939151, 0.7855474495310248, 0.8335476631994503, 0.8400200821596465, 0.8412014329355841], "c4.5": [0.8110495153439498, 0.7910163773863002, 0.827189300511767, 0.8461639863357163, 0.842105068742339], "classy": [0.7278481542927155, 0.811402989795307, 0.8204195604639584, 0.8197319539361191, 0.8197319539361191], "r2ntab": [0.8393950037981046, 0.834195865250722, 0.840404803248369, 0.8386429668271601, 0.8391018505389951]}