{"ripper": [0.7566329815393373, 0.7119673906208708, 0.7330565148520798, 0.7733884208050448, 0.7978731163509379], "cart": [0.7684044002383322, 0.7859314983361126, 0.8266747704704086, 0.8324727463045166, 0.8309906299101046], "c4.5": [0.7565609532477808, 0.761788629240662, 0.8123352169554398, 0.8298744663790689, 0.8285553161002313], "classy": [0.7468820029041939, 0.8120644178883497, 0.8275880688917656, 0.8257067469537119, 0.8274494432010198], "r2ntab": [0.8459263411280439, 0.8429482399332746, 0.8362170809437053, 0.8239033773106881, 0.8136133793408223]}
