{"aucs": {"drnet": [0.8939725803864034, 0.9235392744796552, 0.9286307184382139, 0.921780820465185], "r2ntab2": [0.8655338940299007, 0.8576566390014919, 0.8968448779634157, 0.8746479038116025], "r2ntab4": [0.9162098540627168, 0.9142721957546988, 0.9456844075758413, 0.8953668387407057], "r2ntab6": [0.8686930097650214, 0.9327868864252021, 0.9223810267353001, 0.9456562707621934]}, "aucs_train": {"drnet": [0.8994191557335048, 0.9314521121461633, 0.9325765249079717, 0.9141097082020512], "r2ntab2": [0.8629900109757205, 0.8620743467120938, 0.9165206749575423, 0.8676399405791525], "r2ntab4": [0.9191243136186197, 0.9182632309017098, 0.9473805651051282, 0.8879641731019798], "r2ntab6": [0.8653430081732607, 0.9318795922603302, 0.9245910861702145, 0.9395387661154639]}, "rules": {"drnet": [37.4, 38.4, 38.6, 40.8], "r2ntab2": [28.6, 30.2, 30.8, 33.4], "r2ntab4": [36.6, 39.6, 36.6, 38.0], "r2ntab6": [27.6, 38.0, 36.8, 39.2]}, "conditions": {"drnet": [190.2, 188.8, 196.6, 203.6], "r2ntab2": [128.8, 134.6, 115.4, 152.0], "r2ntab4": [174.4, 198.2, 175.8, 185.6], "r2ntab6": [138.8, 177.0, 184.8, 191.0]}, "runtimes": {"drnet": [179.96678981781005, 175.08646264076233, 191.80516963005067, 201.89000301361085], "r2ntab2": [213.27721352577208, 209.80779919624328, 253.78972005844116, 204.65584802627563], "r2ntab4": [208.35844974517823, 213.75166149139403, 213.6202169418335, 207.1003731250763], "r2ntab6": [217.29654994010926, 209.38529453277587, 217.24045705795288, 208.78118829727174]}}