{"aucs": {"drnet": [0.8509075457518807, 0.8427720733621544, 0.8572487617422269, 0.8426177994416607, 0.847696262841434], "r2ntab2": [0.8476252215084333, 0.8343587246011059, 0.8470329337510659, 0.84026756471379, 0.8424057262487936], "r2ntab4": [0.8489918353964621, 0.8325757461958879, 0.850641099541465, 0.8380233585137237, 0.8449205103329737], "r2ntab6": [0.8477100016695098, 0.8305559551670101, 0.8496967274300417, 0.8395211711732609, 0.8476305343992342]}, "aucs_train": {"drnet": [0.8557979561901489, 0.8597793917947092, 0.8610002806198255, 0.8587831075145329, 0.8588708841638777], "r2ntab2": [0.8400046954798768, 0.8530825833763656, 0.8504105915483716, 0.8483024351058533, 0.8482717951844118], "r2ntab4": [0.8502588841372344, 0.8515805494971307, 0.851413914746303, 0.8519138310567074, 0.8524410099376324], "r2ntab6": [0.8470777052999908, 0.8446492664551546, 0.8538104184277385, 0.8504552102685372, 0.8529137132815301]}, "rules": {"drnet": [33.6, 32.4, 34.8, 33.8, 32.8], "r2ntab2": [26.4, 30.4, 32.2, 28.6, 29.6], "r2ntab4": [32.6, 30.2, 30.0, 30.6, 32.0], "r2ntab6": [31.0, 32.4, 30.6, 29.8, 31.6]}, "conditions": {"drnet": [358.8, 341.4, 372.8, 353.8, 354.8], "r2ntab2": [221.2, 288.2, 292.4, 247.4, 260.6], "r2ntab4": [327.0, 297.2, 281.6, 299.2, 307.6], "r2ntab6": [299.6, 325.8, 302.8, 278.4, 307.4]}, "runtimes": {"drnet": [288.9676197052002, 304.11055197715757, 294.9558837413788, 282.6641576766968, 308.58815093040465], "r2ntab2": [320.5646444320679, 313.61623306274413, 328.45803890228274, 314.5647509098053, 336.7320284843445], "r2ntab4": [322.09891042709353, 366.92503318786623, 316.3984058380127, 327.3088804721832, 316.4124967098236], "r2ntab6": [322.30207271575927, 343.4853033542633, 315.9483603477478, 339.74732027053835, 343.63216814994814]}}