{"aucs": {"drnet": [0.9813843720919412, 0.969243068361779, 0.9983739837398374, 0.9889282273665362, 0.9885586604210413], "r2ntab2": [0.9807170212132352, 0.9755081629501406, 0.997560975609756, 0.9935064935064934, 0.9877609068314566], "r2ntab4": [0.9782969091067191, 0.9731273322715381, 0.9967610805140309, 0.9922410922410922, 0.9885586604210413], "r2ntab6": [0.9815544969356862, 0.9775895447957719, 0.9983739837398374, 0.9893852346664145, 0.9885586604210413]}, "aucs_train": {"drnet": [0.99114223889006, 0.9899569426293351, 0.9897186997703595, 0.9897862736829037, 0.9927415491485186], "r2ntab2": [0.9927442553338729, 0.9906095978400471, 0.9893880186224469, 0.9928236577215204, 0.9927859439520013], "r2ntab4": [0.9901678328598787, 0.9895902911598984, 0.9889231205245856, 0.9909117062691324, 0.9927437368216137], "r2ntab6": [0.9915752396670499, 0.9905698584071757, 0.9899950311364701, 0.9901218732090665, 0.9929469619596241]}, "rules": {"drnet": [42.8, 42.8, 44.0, 41.0, 43.0], "r2ntab2": [41.4, 43.2, 41.8, 40.6, 44.4], "r2ntab4": [42.2, 43.6, 43.0, 40.0, 44.0], "r2ntab6": [41.0, 42.8, 42.4, 40.4, 45.2]}, "conditions": {"drnet": [445.4, 416.0, 459.8, 423.4, 429.8], "r2ntab2": [434.8, 412.8, 432.4, 406.2, 434.8], "r2ntab4": [435.2, 421.4, 453.0, 405.4, 436.4], "r2ntab6": [424.6, 414.0, 440.2, 413.6, 455.6]}, "runtimes": {"drnet": [77.7996684551239, 95.39007406234741, 77.8226978302002, 75.58112907409668, 93.44251527786255], "r2ntab2": [94.01380681991577, 93.72726721763611, 93.8722252368927, 93.73542966842652, 112.1084750175476], "r2ntab4": [93.44281587600707, 93.47273440361023, 95.35658497810364, 112.34370317459107, 107.02700200080872], "r2ntab6": [99.16559133529663, 93.4925329208374, 109.37794175148011, 110.46233434677124, 93.65869808197021]}}