{"aucs": {"drnet": [0.838085047925226, 0.8385845845845363, 0.8392051414007284, 0.8313626325368257, 0.8250128841169486], "r2ntab2": [0.8088480728211435, 0.8213575258019084, 0.8238089444046036, 0.8110603058562905, 0.8024408685850009], "r2ntab4": [0.8071719775762822, 0.8263411215456425, 0.8312684551637366, 0.8241101411703877, 0.8133721921868858], "r2ntab6": [0.8197301279902577, 0.8259232476994207, 0.8235549076420359, 0.814574820189474, 0.8042266759063643]}, "aucs_train": {"drnet": [0.8471044816562484, 0.8430650770947803, 0.8419785902906141, 0.8381176325080937, 0.8420628801107496], "r2ntab2": [0.8177828321805238, 0.8239055783307798, 0.822622071362167, 0.8140715056686749, 0.818676120286948], "r2ntab4": [0.8163871951552497, 0.8291716899913016, 0.8249317960027167, 0.8280909459850896, 0.8294917180863765], "r2ntab6": [0.8270253504070242, 0.8269065031197617, 0.8233810452952964, 0.8200847196449453, 0.8203958008540259]}, "rules": {"drnet": [36.6, 34.4, 35.8, 36.4, 34.4], "r2ntab2": [24.0, 28.2, 26.8, 23.8, 27.4], "r2ntab4": [27.4, 27.2, 28.6, 28.0, 28.2], "r2ntab6": [26.2, 28.2, 29.2, 24.2, 27.4]}, "conditions": {"drnet": [422.8, 425.2, 426.2, 456.6, 407.0], "r2ntab2": [220.8, 300.8, 262.4, 202.0, 276.6], "r2ntab4": [262.2, 273.4, 285.6, 274.0, 274.2], "r2ntab6": [235.2, 286.8, 289.4, 209.6, 261.2]}, "runtimes": {"drnet": [395.7932129383087, 358.9602388858795, 398.4747529983521, 360.24567890167236, 359.9294086933136], "r2ntab2": [494.6699996471405, 444.85723528862, 493.0288790225983, 439.99069528579713, 420.20813031196593], "r2ntab4": [493.3209939002991, 494.88919620513917, 440.1514500141144, 487.0727798938751, 308.8727458000183], "r2ntab6": [489.7641858577728, 494.1045028209686, 405.3161891460419, 445.0278910160065, 289.1332986354828]}}