{"aucs": {"drnet": [0.7283738840881371, 0.7056384693445492, 0.7062775348596475, 0.7133934586985167, 0.708233135990562], "r2ntab2": [0.722471000082874, 0.7012048738473448, 0.7090293441275382, 0.7199127379757736, 0.7111179814958359], "r2ntab4": [0.7197958499493906, 0.7101227914236967, 0.7114766255561829, 0.7162909709812981, 0.7070328361844088], "r2ntab6": [0.7225736215757422, 0.7062118846028999, 0.7074464882902337, 0.7200723775311186, 0.7124099058775435]}, "aucs_train": {"drnet": [0.7220883889938021, 0.727706738829087, 0.7265072051408887, 0.7231530952487399, 0.7264893815442349], "r2ntab2": [0.722854739928706, 0.7288073885875532, 0.725277637284729, 0.7237345742625265, 0.720574174756855], "r2ntab4": [0.7216407542269929, 0.7278639921073531, 0.7249503420958725, 0.7231923181339914, 0.7223029972309829], "r2ntab6": [0.7196370468598612, 0.727993591399551, 0.7237123246271076, 0.720578179700704, 0.7255785855438726]}, "rules": {"drnet": [37.4, 39.2, 37.0, 39.6, 36.8], "r2ntab2": [35.0, 38.6, 31.4, 35.8, 33.8], "r2ntab4": [36.6, 35.4, 35.8, 39.8, 35.2], "r2ntab6": [34.4, 40.8, 36.2, 38.2, 35.6]}, "conditions": {"drnet": [828.2, 786.6, 740.6, 803.8, 705.0], "r2ntab2": [763.2, 803.4, 652.8, 744.8, 690.4], "r2ntab4": [790.2, 704.4, 752.4, 816.4, 691.4], "r2ntab6": [746.4, 847.4, 761.0, 810.4, 714.0]}, "runtimes": {"drnet": [167.2656460762024, 183.65762224197388, 164.14038124084473, 164.70892105102538, 201.70587015151978], "r2ntab2": [190.78466095924378, 187.99434022903444, 186.1860731124878, 213.78624744415282, 226.68804321289062], "r2ntab4": [186.08296823501587, 185.91440496444702, 186.28212456703187, 226.31355776786805, 201.73491349220276], "r2ntab6": [197.17664575576782, 185.74997038841246, 186.47963738441467, 225.9931872367859, 148.77757601737977]}}