{"aucs": {"drnet": [0.8114927112849294, 0.890078038865463, 0.8532366372547531, 0.8487780421573407, 0.8515497047981834], "r2ntab2": [0.7946843422385945, 0.8772581199837883, 0.8830012403127366, 0.8204420191199431, 0.8200517692003402], "r2ntab4": [0.783348862684065, 0.8777588719816034, 0.8787994578520895, 0.8430627284684095, 0.8363251127875623], "r2ntab6": [0.8203341588807337, 0.8648576762702478, 0.8721983074801823, 0.826320557584799, 0.8625786492376957]}, "aucs_train": {"drnet": [0.8577528221018996, 0.8844594910367954, 0.8668671658389314, 0.880108180413632, 0.8753484688227935], "r2ntab2": [0.848995165715151, 0.8604586259217226, 0.9004600355440656, 0.8716580540504044, 0.8389844828039841], "r2ntab4": [0.8443249555262137, 0.8701205121134719, 0.9058581006469366, 0.8790994956108292, 0.8394968293381513], "r2ntab6": [0.8756533935304948, 0.8754017374767834, 0.889240116283853, 0.8558946779681751, 0.8735942132153554]}, "rules": {"drnet": [43.2, 43.6, 42.6, 43.2, 42.0], "r2ntab2": [45.4, 45.4, 45.0, 45.2, 38.8], "r2ntab4": [38.4, 43.0, 42.8, 42.6, 39.8], "r2ntab6": [42.0, 39.4, 42.2, 41.6, 44.0]}, "conditions": {"drnet": [238.2, 252.4, 241.0, 228.0, 224.8], "r2ntab2": [239.0, 247.2, 252.2, 238.4, 200.6], "r2ntab4": [204.0, 231.0, 236.0, 224.2, 213.0], "r2ntab6": [229.4, 220.8, 232.8, 227.6, 238.6]}, "runtimes": {"drnet": [60.65461812019348, 67.40112380981445, 67.40228409767151, 64.89858198165894, 64.59184412956238], "r2ntab2": [79.87502708435059, 80.53706059455871, 79.91383118629456, 64.86654348373413, 67.39356303215027], "r2ntab4": [80.16019415855408, 80.17193808555604, 79.88760457038879, 64.96163301467895, 65.20410757064819], "r2ntab6": [79.79993028640747, 74.4836633682251, 80.15176105499268, 65.1464825630188, 65.14979519844056]}}