{"aucs": {"drnet": [0.6676999296341816, 0.7505182979463477, 0.8035816127876624, 0.7242091440512703, 0.7239959714696126], "r2ntab2": [0.6899004560111662, 0.7433020434409434, 0.784410386227344, 0.7427645548331034, 0.6966652892908841], "r2ntab4": [0.6798319122788115, 0.7361698379292412, 0.7983544411238451, 0.7561783011733619, 0.7054995125290581], "r2ntab6": [0.6858393649239183, 0.7432448807269173, 0.7750643824433467, 0.7364003726475643, 0.701689013282841]}, "aucs_train": {"drnet": [0.7883298156111079, 0.7972604017926952, 0.7918302243611899, 0.7934590662934966, 0.7952420975985823], "r2ntab2": [0.7928439448301873, 0.7986827879929186, 0.7988974529516041, 0.7939045786967668, 0.7886829419330471], "r2ntab4": [0.7877986013316007, 0.7892846398684032, 0.7923788518978585, 0.7842612824206042, 0.7967543721045537], "r2ntab6": [0.7903727737562841, 0.7852541989554586, 0.7850676678860611, 0.7993770665743156, 0.7832596642711854]}, "rules": {"drnet": [36.0, 37.6, 38.8, 37.0, 38.8], "r2ntab2": [36.0, 37.4, 36.2, 35.4, 37.2], "r2ntab4": [33.8, 37.4, 36.8, 29.6, 38.2], "r2ntab6": [30.8, 35.6, 37.0, 36.2, 36.8]}, "conditions": {"drnet": [534.0, 606.4, 603.8, 543.2, 583.6], "r2ntab2": [538.4, 589.0, 517.6, 484.2, 540.2], "r2ntab4": [499.4, 601.2, 568.4, 431.0, 569.8], "r2ntab6": [452.8, 575.6, 566.0, 536.6, 545.0]}, "runtimes": {"drnet": [55.162930154800414, 45.388600540161136, 45.4502516746521, 49.15907516479492, 44.089961194992064], "r2ntab2": [64.63454103469849, 53.09114122390747, 57.57061796188354, 61.768844318389895, 51.26662745475769], "r2ntab4": [58.21570553779602, 53.18699779510498, 53.281402587890625, 52.15242733955383, 51.487532186508176], "r2ntab6": [53.24581274986267, 53.27253279685974, 53.24814982414246, 51.69853563308716, 47.42345929145813]}}