{"rf1": [3.782910776138306], "rf2": [3.828173017501831], "rf3": [3.5543461799621583], "gb": [8.880831336975097], "lda": [1.0962990760803222], "svm": [33.767435503005984], "r2ntab": [354.45992946624756]}