{"rf1": [0.25], "rf2": [0.5], "rf3": [0.75], "gb": [0.21969696969696967], "lda": [0.5227272727272727], "svm": [0.5227272727272727], "r2ntab": [0.3363636363636363]}