{"rf1": [0.35213489532470704], "rf2": [0.3750633716583252], "rf3": [0.394512939453125], "gb": [0.31984472274780273], "lda": [0.17731666564941406], "svm": [0.15094609260559083], "r2ntab": [61.7955828666687]}