{"rf1": [0.9967320261437909], "rf2": [0.979625076423677], "rf3": [0.9283535337418979], "gb": [0.9967320261437909], "lda": [0.9926121656600518], "svm": [0.9935064935064934], "r2ntab": [0.9935064935064934]}