{"rf1": [0.25], "rf2": [0.5], "rf3": [0.75], "gb": [0.35625], "lda": [0.65625], "svm": [0.5], "r2ntab": [0.790625]}