{"rf1": [0.8580031829357722], "rf2": [0.8361684923371187], "rf3": [0.8314485101617397], "gb": [0.8693038598537495], "lda": [0.721349348141998], "svm": [0.7365112391520843], "r2ntab": [0.8358912124180058]}