{"rf1": [0.98828125], "rf2": [0.9077485795762245], "rf3": [0.7653811398152148], "gb": [0.9699248120300752], "lda": [0.7973793544263342], "svm": [0.8172532998114393], "r2ntab": [0.8445511643649016]}