{"rf1": [0.25], "rf2": [0.5], "rf3": [0.75], "gb": [0.20454545454545453], "lda": [0.5], "svm": [0.5454545454545454], "r2ntab": [0.3363636363636363]}