{"rf1": [0.7182710931596304], "rf2": [0.7171246332721208], "rf3": [0.7038569542829094], "gb": [0.731106247217688], "lda": [0.72571106678487], "svm": [0.724868522987992], "r2ntab": [0.7186636991103692]}