{"rf1": [0.2388059701492537], "rf2": [0.4925373134328358], "rf3": [0.746268656716418], "gb": [0.017910447761194027], "lda": [0.5373134328358209], "svm": [0.5970149253731343], "r2ntab": [0.23880597014925375]}