{"rf1": [0.24675324675324678], "rf2": [0.5], "rf3": [0.7467532467532467], "gb": [0.17532467532467533], "lda": [0.5844155844155844], "svm": [0.5584415584415584], "r2ntab": [0.40779220779220776]}