{"rf1": [0.25], "rf2": [0.5], "rf3": [0.75], "gb": [0.35], "lda": [0.6328125], "svm": [0.53125], "r2ntab": [0.7796875]}