{"rf1": [3.791223955154419], "rf2": [3.8275288105010987], "rf3": [3.569441223144531], "gb": [8.790723991394042], "lda": [1.0430864810943603], "svm": [35.14875550270081], "r2ntab": [354.84125366210935]}