{"rf1": [2.4157565116882322], "rf2": [2.407839298248291], "rf3": [2.3588206291198732], "gb": [4.465459775924683], "lda": [0.6228605747222901], "svm": [12.35024094581604], "r2ntab": [162.90235681533812]}