{"rf1": [0.25], "rf2": [0.5], "rf3": [0.75], "gb": [0.05555555555555556], "lda": [0.1388888888888889], "svm": [0.19444444444444445], "r2ntab": [0.4611111111111111]}