{"rf1": [0.360744047164917], "rf2": [0.38434996604919436], "rf3": [0.40537314414978026], "gb": [0.331493616104126], "lda": [0.12010159492492675], "svm": [0.1431117534637451], "r2ntab": [52.71046757698059]}