{"rf1": [0.25], "rf2": [0.5], "rf3": [0.75], "gb": [0.11111111111111112], "lda": [0.1388888888888889], "svm": [0.16666666666666666], "r2ntab": [0.4722222222222222]}