{"rf1": [3.810226392745972], "rf2": [3.858072519302368], "rf3": [3.609244966506958], "gb": [8.940728902816772], "lda": [1.153696393966675], "svm": [33.59482316970825], "r2ntab": [371.2914834022522]}