{"rf1": [0.7000057407084134], "rf2": [0.6708341666119345], "rf3": [0.6726467320234504], "gb": [0.6734951456310679], "lda": [0.6883495145631069], "svm": [0.6891660319878142], "r2ntab": [0.7647255133375304]}