{"rf1": [0.29549298286437986], "rf2": [0.3066989898681641], "rf3": [0.31484713554382326], "gb": [0.2923740386962891], "lda": [0.09210543632507324], "svm": [0.04542875289916992], "r2ntab": [76.24666976928711]}