{"rf1": [0.2444444444444444], "rf2": [0.5], "rf3": [0.7444444444444445], "gb": [0.11111111111111112], "lda": [0.6], "svm": [0.5888888888888889], "r2ntab": [0.7066666666666668]}