{"rf1": [0.2388059701492537], "rf2": [0.4925373134328358], "rf3": [0.746268656716418], "gb": [0.011940298507462687], "lda": [0.6119402985074627], "svm": [0.5522388059701493], "r2ntab": [0.2417910447761194]}