{"rf1": [0.23684210526315788], "rf2": [0.5], "rf3": [0.7368421052631579], "gb": [0.13157894736842105], "lda": [0.5789473684210527], "svm": [0.5789473684210527], "r2ntab": [0.5473684210526316]}