{"rf1": [0.2388059701492537], "rf2": [0.4925373134328358], "rf3": [0.746268656716418], "gb": [0.008955223880597014], "lda": [0.5223880597014925], "svm": [0.5373134328358209], "r2ntab": [0.1791044776119403]}