{"rf1": [3.8978643894195555], "rf2": [3.8414886951446534], "rf3": [3.5317458629608156], "gb": [8.842765665054321], "lda": [1.2351781368255614], "svm": [34.49863047599793], "r2ntab": [357.7380311489105]}