{"rf1": [0.4438929080963135], "rf2": [0.446970796585083], "rf3": [0.43790249824523925], "gb": [0.48585052490234376], "lda": [0.21730360984802247], "svm": [0.3725940227508545], "r2ntab": [173.11937108039857]}