{"rf1": [0.23684210526315788], "rf2": [0.5], "rf3": [0.7368421052631579], "gb": [0.07894736842105263], "lda": [0.5526315789473685], "svm": [0.6052631578947368], "r2ntab": [0.5421052631578946]}