{"rf1": [0.9898191437007874], "rf2": [0.9296860211638966], "rf3": [0.7434444724196954], "gb": [0.9727106227106226], "lda": [0.6917555373256769], "svm": [0.7144522144522144], "r2ntab": [0.8741706848432507]}