{"rf1": [0.24675324675324678], "rf2": [0.5], "rf3": [0.7467532467532467], "gb": [0.19220779220779222], "lda": [0.5454545454545454], "svm": [0.5324675324675324], "r2ntab": [0.4103896103896104]}