{"rf1": [0.25], "rf2": [0.5], "rf3": [0.75], "gb": [0.2859375], "lda": [0.640625], "svm": [0.5703125], "r2ntab": [0.796875]}