{"rf1": [0.9816030095780558], "rf2": [0.9122076897099877], "rf3": [0.7200820963370823], "gb": [0.9804966686856451], "lda": [0.702049681009909], "svm": [0.6929705215419502], "r2ntab": [0.8085413978824775]}