{"rf1": [2.9269033432006837], "rf2": [2.795658493041992], "rf3": [2.3098403930664064], "gb": [5.111448287963867], "lda": [0.7188598155975342], "svm": [16.007172966003417], "r2ntab": [299.80701823234557]}