{"rf1": [5.522254228591919], "rf2": [5.516546440124512], "rf3": [5.097058629989624], "gb": [7.39202561378479], "lda": [1.5457644939422608], "svm": [59.71081366539001], "r2ntab": [465.55749735832217]}