{"rf1": [0.3562170028686523], "rf2": [0.3786617755889893], "rf3": [0.4181034088134766], "gb": [0.3217466354370117], "lda": [0.20932674407958984], "svm": [0.14181127548217773], "r2ntab": [52.40274219512939]}