{"rf1": [0.31976900100708006], "rf2": [0.32140583992004396], "rf3": [0.317764949798584], "gb": [0.2473287582397461], "lda": [0.12240533828735352], "svm": [0.1057321548461914], "r2ntab": [52.97935800552368]}