{"rf1": [0.3262490749359131], "rf2": [0.31822690963745115], "rf3": [0.3148719310760498], "gb": [0.2468083381652832], "lda": [0.12767982482910156], "svm": [0.10635809898376465], "r2ntab": [52.99733295440674]}