{"rf1": [0.7800384351141246], "rf2": [0.7789480775536014], "rf3": [0.759260428748305], "gb": [0.811258964559103], "lda": [0.7791008656489441], "svm": [0.7586331807786193], "r2ntab": [0.8000726354795094]}