{"rf1": [0.7636113396089761], "rf2": [0.7617654698047053], "rf3": [0.749475778691724], "gb": [0.7921198636516555], "lda": [0.7653648278569158], "svm": [0.7443633983807948], "r2ntab": [0.784852938144731]}