{"rf1": [0.2444444444444444], "rf2": [0.5], "rf3": [0.7444444444444445], "gb": [0.11111111111111112], "lda": [0.6333333333333333], "svm": [0.6333333333333333], "r2ntab": [0.6599999999999999]}