{"rf1": [0.7166691806209271], "rf2": [0.693015689459733], "rf3": [0.683412638443478], "gb": [0.7007945064818382], "lda": [0.6994230769230769], "svm": [0.6401923076923077], "r2ntab": [0.6969857189543712]}