{"rf1": [0.7135334218266705], "rf2": [0.7059032379518095], "rf3": [0.6877856489519051], "gb": [0.7193964293843738], "lda": [0.7159532910488513], "svm": [0.7061900727345121], "r2ntab": [0.7120208650507031]}