{"rf1": [2.985591506958008], "rf2": [2.8564783096313477], "rf3": [2.2645072460174562], "gb": [5.070760869979859], "lda": [0.7029965400695801], "svm": [16.09067850112915], "r2ntab": [284.7157246112823]}