{"rf1": [2.9610644340515138], "rf2": [2.824684000015259], "rf3": [2.308240222930908], "gb": [5.057106828689575], "lda": [0.49297056198120115], "svm": [17.11368908882141], "r2ntab": [288.28016514778136]}