{"rf1": [0.7215972487767162], "rf2": [0.7178353400995313], "rf3": [0.6933690737990983], "gb": [0.720182454743427], "lda": [0.7229165574100807], "svm": [0.7231679441630948], "r2ntab": [0.7142486626065923]}