{"rf1": [5.413567924499512], "rf2": [5.420552825927734], "rf3": [4.9817078590393065], "gb": [7.570140552520752], "lda": [1.464775562286377], "svm": [60.08368215560913], "r2ntab": [538.3710342407227]}