{"rf1": [0.22222222222222224], "rf2": [0.4814814814814815], "rf3": [0.7407407407407407], "gb": [0.18518518518518517], "lda": [0.5555555555555556], "svm": [0.4814814814814815], "r2ntab": [0.22962962962962963]}