{"rf1": [0.24675324675324678], "rf2": [0.5], "rf3": [0.7467532467532467], "gb": [0.16363636363636364], "lda": [0.525974025974026], "svm": [0.512987012987013], "r2ntab": [0.412987012987013]}