{"rf1": [0.871602504886307], "rf2": [0.8629185477182245], "rf3": [0.8304677416940865], "gb": [0.8692943992568862], "lda": [0.8224317356526246], "svm": [0.8241532706500859], "r2ntab": [0.8254820901526031]}