{"rf1": [0.25], "rf2": [0.5], "rf3": [0.75], "gb": [0.1893939393939394], "lda": [0.5303030303030303], "svm": [0.5151515151515151], "r2ntab": [0.3333333333333333]}