{"rf1": [0.25], "rf2": [0.5], "rf3": [0.75], "gb": [0.02777777777777778], "lda": [0.1388888888888889], "svm": [0.22222222222222224], "r2ntab": [0.4333333333333334]}