{"rf1": [1.0], "rf2": [0.988185975609756], "rf3": [0.9372300183767445], "gb": [1.0], "lda": [0.9841269841269842], "svm": [1.0], "r2ntab": [0.997560975609756]}