{"rf1": [0.31776580810546873], "rf2": [0.3191378116607666], "rf3": [0.31495490074157717], "gb": [0.24694552421569824], "lda": [0.10608696937561035], "svm": [0.08131279945373535], "r2ntab": [52.98378677368164]}