{"rf1": [0.8662010166301319], "rf2": [0.8514762464420622], "rf3": [0.8419353000943648], "gb": [0.871368695116885], "lda": [0.7353825849421441], "svm": [0.7464812753786139], "r2ntab": [0.8477334806806219]}