{"rf1": [0.22222222222222224], "rf2": [0.4814814814814815], "rf3": [0.7407407407407407], "gb": [0.07407407407407407], "lda": [0.5555555555555556], "svm": [0.5185185185185185], "r2ntab": [0.2074074074074074]}