{"rf1": [0.9875242248062015], "rf2": [0.9246826691079768], "rf3": [0.790760738006794], "gb": [0.9921259842519685], "lda": [0.6563186813186813], "svm": [0.6707861822513401], "r2ntab": [0.878096207792961]}