{"rf1": [0.22222222222222224], "rf2": [0.4814814814814815], "rf3": [0.7407407407407407], "gb": [0.08148148148148147], "lda": [0.5185185185185185], "svm": [0.5925925925925926], "r2ntab": [0.2074074074074074]}