{"rf1": [0.25], "rf2": [0.5], "rf3": [0.75], "gb": [0.278125], "lda": [0.6640625], "svm": [0.5234375], "r2ntab": [0.759375]}