{"rf1": [0.4579644680023193], "rf2": [0.4632895469665527], "rf3": [0.45711531639099123], "gb": [0.4944046974182129], "lda": [0.2319049835205078], "svm": [0.2839636325836182], "r2ntab": [173.57774376869202]}