{"rf1": [0.9843182487484048], "rf2": [0.9843727528070836], "rf3": [0.9779345394607747], "gb": [0.9809944101206236], "lda": [0.7194848484848485], "svm": [0.6999498712378855], "r2ntab": [0.9413650785779722]}