{"rf1": [0.9905085179083603], "rf2": [0.986621867002625], "rf3": [0.9154272287967966], "gb": [0.9893742621015347], "lda": [0.984591967528306], "svm": [0.9893742621015347], "r2ntab": [0.9791051891658684]}