{"rf1": [0.9820241974820307], "rf2": [0.9800161951133971], "rf3": [0.9811870694223634], "gb": [0.9905935347111818], "lda": [0.7451148475584566], "svm": [0.758287428683848], "r2ntab": [0.9446784483239099]}