{"rf1": [2.9474282264709473], "rf2": [2.81610689163208], "rf3": [2.301287078857422], "gb": [5.1925757884979244], "lda": [0.6099552631378173], "svm": [15.932693433761596], "r2ntab": [299.66902170181277]}