{"rf1": [0.2938999176025391], "rf2": [0.3053452491760254], "rf3": [0.3127559185028076], "gb": [0.29081120491027834], "lda": [0.05817713737487793], "svm": [0.03575887680053711], "r2ntab": [78.44942827224732]}