{"rf1": [0.7770431841455918], "rf2": [0.7753903389385621], "rf3": [0.7474307782467695], "gb": [0.8027839824829591], "lda": [0.777053104734639], "svm": [0.7508064947571153], "r2ntab": [0.7929316896978892]}