{"rf1": [0.2931246280670166], "rf2": [0.3041241645812988], "rf3": [0.31163439750671384], "gb": [0.29148058891296386], "lda": [0.11400127410888672], "svm": [0.03819723129272461], "r2ntab": [75.74263749122619]}