{"rf1": [5.4252032279968265], "rf2": [5.445916652679443], "rf3": [5.002443599700928], "gb": [7.3689226627349855], "lda": [1.3695526599884034], "svm": [51.72958703041077], "r2ntab": [474.1462371826172]}