{"rf1": [0.348798942565918], "rf2": [0.37194976806640623], "rf3": [0.3915506362915039], "gb": [0.31873693466186526], "lda": [0.2000507354736328], "svm": [0.15306391716003417], "r2ntab": [52.33349552154541]}