{"rf1": [0.8693866325973808], "rf2": [0.862494289188801], "rf3": [0.8344206076528786], "gb": [0.8724783318648598], "lda": [0.8311210487018782], "svm": [0.8337403322298591], "r2ntab": [0.8268075788400434]}