{"rf1": [0.9888881720430108], "rf2": [0.9671201783558923], "rf3": [0.8936326111389057], "gb": [0.9879999999999999], "lda": [0.9728682170542635], "svm": [1.0], "r2ntab": [0.9737972523656001]}