{"rf1": [5.451963663101196], "rf2": [5.451955127716064], "rf3": [4.9199559688568115], "gb": [7.442041683197021], "lda": [1.2029208183288573], "svm": [52.98238844871521], "r2ntab": [479.1056936264038]}