{"rf1": [0.8682033276751213], "rf2": [0.85428827043986], "rf3": [0.8300886992053984], "gb": [0.8768784995759106], "lda": [0.7136427158917504], "svm": [0.6699438457002121], "r2ntab": [0.8483150718357126]}