{"rf1": [0.3139644145965576], "rf2": [0.31999592781066893], "rf3": [0.3165724277496338], "gb": [0.24854321479797364], "lda": [0.1367067813873291], "svm": [0.10442209243774414], "r2ntab": [52.67735733985901]}