{"rf1": [0.7120782635292976], "rf2": [0.7117076956174471], "rf3": [0.6908294892522406], "gb": [0.7174666740827262], "lda": [0.7136444576346639], "svm": [0.7028720423412205], "r2ntab": [0.6996718992084785]}