{"rf1": [0.25], "rf2": [0.5], "rf3": [0.75], "gb": [0.22727272727272724], "lda": [0.5378787878787878], "svm": [0.553030303030303], "r2ntab": [0.34090909090909094]}