{"rf1": [0.7808823529411766], "rf2": [0.8047912041499462], "rf3": [0.7352330086272967], "gb": [0.7907563025210085], "lda": [0.7787193973634652], "svm": [0.7991071428571428], "r2ntab": [0.8045796348354488]}