{"rf1": [0.23684210526315788], "rf2": [0.5], "rf3": [0.7368421052631579], "gb": [0.11578947368421051], "lda": [0.5526315789473685], "svm": [0.5526315789473685], "r2ntab": [0.5368421052631579]}