{"rf1": [0.7718737074353035], "rf2": [0.7728631332266123], "rf3": [0.7494182630439191], "gb": [0.7951026441096107], "lda": [0.7640621538175658], "svm": [0.7448550589410082], "r2ntab": [0.7834605071053646]}