{"rf1": [2.3902284145355224], "rf2": [2.391597318649292], "rf3": [2.359412956237793], "gb": [4.517857074737549], "lda": [0.755024003982544], "svm": [13.265941476821899], "r2ntab": [164.92144150733947]}