{"rf1": [0.2444444444444444], "rf2": [0.5], "rf3": [0.7444444444444445], "gb": [0.06666666666666667], "lda": [0.6222222222222222], "svm": [0.6333333333333333], "r2ntab": [0.7022222222222223]}