{"rf1": [2.3998074531555176], "rf2": [2.4084415435791016], "rf3": [2.358793354034424], "gb": [4.5129975318908695], "lda": [0.8081398487091065], "svm": [13.492122840881347], "r2ntab": [159.96415734291077]}