{"rf1": [0.24675324675324678], "rf2": [0.5], "rf3": [0.7467532467532467], "gb": [0.15324675324675324], "lda": [0.5064935064935064], "svm": [0.538961038961039], "r2ntab": [0.41818181818181815]}