{"rf1": [0.23684210526315788], "rf2": [0.5], "rf3": [0.7368421052631579], "gb": [0.12631578947368421], "lda": [0.6052631578947368], "svm": [0.631578947368421], "r2ntab": [0.5842105263157895]}