{"rf1": [0.298035192489624], "rf2": [0.3086128234863281], "rf3": [0.3175476551055908], "gb": [0.29606266021728517], "lda": [0.07474942207336426], "svm": [0.039829254150390625], "r2ntab": [76.26047687530517]}