{"rf1": [0.8620963587113358], "rf2": [0.8415501237222471], "rf3": [0.8400512442436188], "gb": [0.8655783823889621], "lda": [0.7118394178355494], "svm": [0.7344666474286438], "r2ntab": [0.8446598632350826]}