{"rf1": [0.7404815782211085], "rf2": [0.733845290693597], "rf3": [0.7155130919452425], "gb": [0.7304238505747126], "lda": [0.7363636363636363], "svm": [0.7217687074829932], "r2ntab": [0.7439056531703591]}