{"rf1": [2.4041704177856444], "rf2": [2.4167747020721437], "rf3": [2.3731276035308837], "gb": [4.509651184082031], "lda": [0.804338026046753], "svm": [12.074270963668823], "r2ntab": [158.97841062545777]}