{"rf1": [0.25], "rf2": [0.5], "rf3": [0.75], "gb": [0.02777777777777778], "lda": [0.19444444444444445], "svm": [0.16666666666666666], "r2ntab": [0.4611111111111111]}