{"rf1": [0.9816795696330434], "rf2": [0.9735761693936513], "rf3": [0.9597481802085384], "gb": [0.9825379715825576], "lda": [0.7399341103859547], "svm": [0.7318780162435751], "r2ntab": [0.9496165772063216]}