{"rf1": [0.8637618888497121], "rf2": [0.8592572703935841], "rf3": [0.8331593205765037], "gb": [0.86653915375143], "lda": [0.8234254992319509], "svm": [0.8271444259743681], "r2ntab": [0.8123190391976565]}