{"rf1": [0.9675308229394828], "rf2": [0.9750604642600923], "rf3": [0.9525740165237293], "gb": [0.9607401519166225], "lda": [0.7006946849471347], "svm": [0.744436614126335], "r2ntab": [0.9233175762616652]}