{"rf1": [0.8716592946711929], "rf2": [0.863949626755115], "rf3": [0.8332772645093172], "gb": [0.876286188388878], "lda": [0.8259458201819424], "svm": [0.8303607664691052], "r2ntab": [0.8301541922968466]}