{"rf1": [0.4570619106292725], "rf2": [0.4513134479522705], "rf3": [0.4437428951263428], "gb": [0.48284173011779785], "lda": [0.2396092891693115], "svm": [0.29372119903564453], "r2ntab": [173.8652889251709]}