{"rf1": [0.4442445755004883], "rf2": [0.4447808265686035], "rf3": [0.4394708156585693], "gb": [0.4796133041381836], "lda": [0.11865429878234864], "svm": [0.252565860748291], "r2ntab": [205.77770853042603]}