{"aucs": {"r2ntab": 0.7170660348002226}, "rules": {"r2ntab": 4.333333333333333}, "conditions": {"r2ntab": 667.3333333333334}, "runtimes": {"r2ntab": 180.611252784729}}